<?xml version="1.0" encoding="UTF-8"?>
<project-private xmlns="http://www.netbeans.org/ns/project-private/1">
    <editor-bookmarks xmlns="http://www.netbeans.org/ns/editor-bookmarks/1"/>
    <editor-bookmarks xmlns="http://www.netbeans.org/ns/editor-bookmarks/2" lastBookmarkId="0"/>
    <open-files xmlns="http://www.netbeans.org/ns/projectui-open-files/2">
        <group>
            <file>file:/E:/中文版本/CH-HCNetSDKV5.3.5.46_build20180518_Win64/Demo示例/4-%20Java%20开发示例/JavaClientDemo/ClientDemo-NetBeansPro/src/ClientDemo/HCNetSDK.java</file>
            <file>file:/E:/中文版本/CH-HCNetSDKV5.3.5.46_build20180518_Win64/Demo示例/4-%20Java%20开发示例/JavaClientDemo/ClientDemo-NetBeansPro/src/ClientDemo/JDialogAlarmCfg.java</file>
        </group>
    </open-files>
</project-private>
